{"access_token": "ya29.Glz5BSIXIxZcRTD93JVihxzusm4Rwds28O6SM9ksyVAcmDIDg_5bQtG-Z9GSXeAV9FssUSIDe6BGK5IEwtpwIoNpw0D2YAHuly-2H3363ROpaD5JHsewYbrwL44CoQ", "client_id": "197124002744-dra0s0lakjvo66n674c5lofadd5vn149.apps.googleusercontent.com", "client_secret": "_C5-7Fdbc5_2xlt2ZywL5O8b", "refresh_token": "1/umMvnjwf8nOvAOq4G6-im2zGginAfKyJOz6b3-nkKhc", "token_expiry": "2018-07-15T03:04:24Z", "token_uri": "https://accounts.google.com/o/oauth2/token", "user_agent": null, "revoke_uri": "https://accounts.google.com/o/oauth2/revoke", "id_token": null, "id_token_jwt": null, "token_response": {"access_token": "ya29.Glz5BSIXIxZcRTD93JVihxzusm4Rwds28O6SM9ksyVAcmDIDg_5bQtG-Z9GSXeAV9FssUSIDe6BGK5IEwtpwIoNpw0D2YAHuly-2H3363ROpaD5JHsewYbrwL44CoQ", "expires_in": 3600, "token_type": "Bearer"}, "scopes": ["https://www.googleapis.com/auth/spreadsheets.readonly"], "token_info_uri": "https://www.googleapis.com/oauth2/v3/tokeninfo", "invalid": false, "_class": "OAuth2Credentials", "_module": "oauth2client.client"}